{
  "placeholderImages": [
    {
      "id": "user-avatar",
      "description": "User avatar",
      "imageUrl": "https://images.unsplash.com/photo-1438761681033-6461ffad8d80?crop=entropy&cs=tinysrgb&fit=max&fm=jpg&ixid=M3w3NDE5ODJ8MHwxfHNlYXJjaHwxfHxwZXJzb24lMjBmYWNlfGVufDB8fHx8MTc3MDc3MDIyMXww&ixlib=rb-4.1.0&q=80&w=1080",
      "imageHint": "person face"
    },
    {
      "id": "form-header-image",
      "description": "Default form header image",
      "imageUrl": "https://images.unsplash.com/photo-1643258124425-14602d26a39c?crop=entropy&cs=tinysrgb&fit=max&fm=jpg&ixid=M3w3NDE5ODJ8MHwxfHNlYXJjaHwyfHxTYW50aWFnbyUyMGNpdHlzY2FwZXxlbnwwfHx8fDE3NzA4MzgyODh8MA&ixlib=rb-4.1.0&q=80&w=1080",
      "imageHint": "Santiago cityscape"
    },
    {
      "id": "form-header-2",
      "description": "Alternative form header image",
      "imageUrl": "https://images.unsplash.com/photo-1533174072545-7a4b6ad7a6c3?crop=entropy&cs=tinysrgb&fit=max&fm=jpg&ixid=M3w3NDE5ODJ8MHwxfHNlYXJjaHwxfHxTYW50aWFnbyUyMGNvbmNlcnR8ZW58MHx8fHwxNzcwODg5MTM3fDA&ixlib=rb-4.1.0&q=80&w=1080",
      "imageHint": "Santiago concert"
    },
    {
      "id": "form-header-3",
      "description": "Another form header image",
      "imageUrl": "https://images.unsplash.com/photo-1587440871875-191322ee64b0?crop=entropy&cs=tinysrgb&fit=max&fm=jpg&ixid=M3w3NDE5ODJ8MHwxfHNlYXJjaHwxfHx3b3Jrc3BhY2V8ZW58MHx8fHwxNzcwODg5MTY2fDA&ixlib=rb-4.1.0&q=80&w=1080",
      "imageHint": "workspace"
    }
  ]
}